{"mean": [0.0, 0.6645230870132275, 6.154356330273655, 0.6808673101380469, 4.8871244307589965, 263.21159192325325, 0.6864503845431057, -15.672775404128563, 0.0014394662891427316, 0.24834608380402828, 27.117974125347715, 0.686553378629333, -19.16496224336055, 0.013211706544853048, 5.321542929342658, 6.08604569981789, 0.014134290888210825, 0.6280774334248788, 395.15950144888524, 395.15950144888524, 438.09961979904864, 0.686553378629333, -19.16496224336055, 0.70385851860944, 29.467038693780548, 0.1618629846615833], "scale": [1.0, 13.269447761412408, 20.187031418929696, 13.636423000275762, 20.74561353927207, 121.06800614360809, 12.992114586870263, 36.58809941209324, 1.6856073841418964, 0.4320535921193468, 21.471218980824414, 12.846562032331088, 34.08589391291352, 3.290366658783104, 5.6036853116411, 5.183058292447039, 0.456632508981836, 0.2125274485810356, 125.44453840342355, 125.44453840342355, 147.09372716934936, 12.846562032331088, 34.08589391291352, 13.057684080539229, 25.91408026061631, 0.36832507226365596]}