{"mean": [0.5, 0.36820240706346236, -6.732118916570887, 0.3831782690527264, -5.356374004445242, 249.29791680271666, 0.3657498038961568, -12.978128716678965, -0.005108301860887221, 17.4162196636518, 0.37305256631725325, -12.704423337382453, 0.021111525153746702, 1.741761120301848, 5.2016913733429115, 0.016386959461389017, 0.5482958299484098, 0.21396852347678444, 0.0, 4276153.5531901, 285.66727617057404, 0.07300986090250114], "scale": [0.5, 24.192647229059684, 34.65133311294775, 24.899218134808155, 34.92212936978427, 142.75731165029117, 23.39163859817141, 34.10762840974104, 1.7651976529064284, 17.33753842874742, 23.394478607280533, 34.255019083907435, 5.127938464856532, 5.839096946115538, 5.4545884817601396, 0.6708495131465864, 0.28839968352692713, 0.41010485785704753, 1.0, 2331900.8762217383, 154.91451093818048, 0.26015268807663433]}