{"mean": [0.5, 3.5483308625738403, 3.9604762566431786, 3.6175693510669316, 5.422774172115293, -1.1462591634198658, -4.480996968547831, 25.186589012681146, -1.144882902324445, -4.296661955811389, -0.014670579882463137, 1.9652008043429574, 4.962660554657229, 0.010147477157524712, 0.5195828741190468, 0.2450117460414315, 0.0, 20086306.228910517], "scale": [0.5, 22.031614660294085, 33.96606929924976, 22.603484641646038, 34.16584984976145, 19.330746270345855, 30.65604063091596, 21.788951195422914, 19.32594819227115, 30.734864349813883, 4.697431817628639, 6.127791205606288, 5.642693029843885, 0.698035013591742, 0.3061657919208652, 0.43009416450721644, 1.0, 7837048.656515318]}