{"mean": [0.5, 1.9258956316794447, 5.002242560731181, 1.9692698726030053, 6.448662349121728, 256.70843727541757, 1.4789809422806408, -1.3934570237954371, -0.03630200167937243, 14.303974869235986, 1.4778024129334413, -1.1848602476838819, 0.05626376846664552, 2.1915175415598025, 5.678373847481164, 0.006064448067642546, 0.540747845101829, 0.22550734243881002, 0.0, 71078645.2407884], "scale": [0.5, 23.055337301489665, 33.670976921836555, 23.637791583663184, 33.86386991953391, 145.1732141052459, 22.422913997412135, 34.849300618788675, 1.6424935014671338, 15.051673302667663, 22.41864549441268, 34.869448468006176, 5.540748772009563, 6.277944446527773, 5.984502095598269, 0.6672019416052232, 0.29344664524619796, 0.41791599747436736, 1.0, 27537695.731835134]}