{"mean": [0.5, 7.03485291887093, 14.250105296244698, 7.14708664982309, 15.724125670811535, 249.10122099341558, 5.3638352357494865, 5.7310856888458215, -0.1797107907969468, 17.171180510324106, 5.367925917716954, 5.928873759444602, 0.11076495693699233, 2.1206476405808123, 5.2864987534360415, 292.17786869526304, 0.025506616377932622, 5.7025941531445765, 7.597409486897588], "scale": [0.5, 23.221213047346684, 34.424428725577066, 23.73889378582459, 34.594160120835205, 138.44017378914054, 22.12977898348211, 36.24804644221655, 1.6669115528507807, 16.896626552677734, 22.124191479752565, 36.25128235258373, 5.137189073010642, 5.922027826576137, 5.592623168290062, 155.00814600369822, 0.18679525401433156, 22.395396470954626, 35.948782950699474]}